id,canonicalName,category,synonyms,volumeFactor,requiresTwoPerson,isFragile,requiresDisassembly,basePriceHint
armchair-1seat,Armchair (1-seat),sofas,"armchair, 1 seat sofa, single seater, chair",0.8,false,false,false,18
sofa-2seat,Sofa – 2-seat,sofas,"2 seater, small sofa, couch, settee",1.2,false,false,false,32
sofa-3seat,Sofa – 3-seat,sofas,"3 seater, medium sofa, regular sofa",1.6,true,false,false,48
sofa-4seat,Sofa – 4-seat,sofas,"4 seater, large sofa",2.0,true,false,false,62
sofa-corner,Corner Sofa (L-shape),sofas,"corner sofa, L shape, sectional, corner couch",2.5,true,false,true,85
recliner,Recliner Chair,sofas,"recliner, reclining chair",1.2,true,false,false,30
sofa-bed,Sofa Bed,sofas,"sofabed, pull-out sofa, bed sofa",1.8,true,false,true,55
loveseat,Loveseat,sofas,"loveseat, small settee, compact sofa",1.0,false,false,false,28
chesterfield,Chesterfield Sofa,sofas,"chesterfield, leather sofa, button sofa",1.8,true,false,false,65
footstool,Footstool/Ottoman,sofas,"footstool, ottoman, foot rest",0.4,false,false,false,15
chaise-longue,Chaise Longue,sofas,"chaise longue, day bed, chaise",1.4,true,false,false,45
bean-bag-large,Large Bean Bag,sofas,"beanbag, giant bean bag, kids chair",0.6,false,false,false,15
pouffe,Pouffe,sofas,"pouf, fabric footstool",0.3,false,false,false,10
window-seat,Window Seat Bench,sofas,"built in seat, bay window seat",1.0,false,false,false,25
hall-bench,Hallway Bench,sofas,"entryway bench, shoe bench",0.8,false,false,false,20
sofa-5seat,Sofa – 5-seat,sofas,"5 seater, extra large sofa, family sofa",2.4,true,false,false,75
tub-chair,Tub Chair,sofas,"tub chair, curved armchair",0.7,false,false,false,22
knole-sofa,Knole Sofa,sofas,"knole sofa, arms up sofa",1.7,true,false,false,60
sofa-futon,Futon Sofa,sofas,"futon, japanese sofa bed",1.5,true,false,true,40
swivel-chair,Swivel Armchair,sofas,"swivel chair, rotating chair",0.9,false,false,false,26
sleigh-bed-frame,Sleigh Bed Frame,beds,"sleigh bed, curved headboard",1.8,true,false,true,60
bed-single,Single Bed Frame,beds,"single bed, 3ft bed",1.0,false,false,true,28
bed-double,Double Bed Frame,beds,"double bed, 4ft6 bed, double",1.4,true,false,true,42
bed-king,King Bed Frame,beds,"king bed, 5ft bed, king size",1.4,true,false,true,42
bed-super-king,Super King Bed Frame,beds,"super king bed, 6ft bed",1.6,true,false,true,48
mattress,Mattress (any size),beds,"mattress, single mattress, double mattress, king mattress",0.8,true,false,false,22
bed-bunk,Bunk Bed,beds,"bunk, kids bunk, bunk bed",2.0,true,false,true,58
bedside-table,Bedside Table,beds,"nightstand, bedside",0.4,false,false,false,12
divan-base,Divan Base,beds,"divan, bed base, storage bed",1.0,true,false,false,35
headboard,Headboard,beds,"headboard, bed head",0.6,false,false,false,18
bed-toddler,Toddler Bed,beds,"toddler bed, junior bed, kids bed",0.8,false,false,true,22
cot-baby,Baby Cot,beds,"cot, baby bed, crib",0.8,false,false,true,25
moses-basket,Moses Basket,beds,"moses basket, baby basket",0.3,false,false,false,12
bed-cabin,Cabin Bed,beds,"high sleeper, kids cabin bed",1.6,true,false,true,50
bed-guest,Guest Bed (foldable),beds,"foldaway bed, spare bed",0.9,false,false,true,26
bed-4poster,Four Poster Bed,beds,"4 poster bed, canopy bed",2.2,true,false,true,75
mattress-topper,Mattress Topper,beds,"memory foam topper, pad",0.2,false,false,false,8
bed-storage,Storage Bed (ottoman),beds,"ottoman bed, lift up storage bed",1.6,true,false,true,55
bed-small-double,Small Double Bed Frame,beds,"small double, 4ft bed",1.2,true,false,true,38
bed-emperor,Emperor Bed Frame,beds,"emperor bed, 6ft6 bed",2.0,true,false,true,90
bed-ottoman-large,Large Ottoman Bed,beds,"ottoman storage bed, gas lift bed",1.8,true,false,true,65
bed-murphy,Murphy Bed/Wall Bed,beds,"wall bed, fold down bed",2.0,true,false,true,100
mattress-pillow-top,Pillow Top Mattress,beds,"pillow top, soft mattress",0.9,true,false,false,35
mattress-pocket-sprung,Pocket Sprung Mattress,beds,"pocket sprung, orthopaedic",0.9,true,false,false,38
mattress-single,Single Mattress,beds,"3ft mattress",0.6,false,false,false,18
mattress-double,Double Mattress,beds,"4ft6 mattress",0.8,true,false,false,25
mattress-king,King Size Mattress,beds,"5ft mattress",0.8,true,false,false,25
mattress-super-king,Super King Mattress,beds,"6ft mattress",1.0,true,false,false,32
bed-frame-metal,Metal Bed Frame,beds,"iron bedstead",1.2,true,false,true,40
bed-frame-wooden,Wooden Bed Frame,beds,"pine bed, oak bed",1.4,true,false,true,45
bed-adjustable,Adjustable Bed,beds,"electric bed, hospital bed",1.8,true,false,true,120
bed-trundle,Trundle Bed,beds,"truckle bed, pull out bed",1.4,true,false,true,48
cot-bed,Cot Bed,beds,"convertible cot, toddler cot",1.0,false,false,true,35
baby-changing-unit,Baby Changing Unit,beds,"changing table, nappy station",0.8,false,false,false,28
wardrobe-2door,Wardrobe – 2-door,storage,"small wardrobe, 2 door wardrobe, closet",1.4,true,false,true,40
wardrobe-3door,Wardrobe – 3-door/Sliding,storage,"sliding wardrobe, large wardrobe, 3 door wardrobe",2.0,true,false,true,60
wardrobe-fitted,Fitted Wardrobe Panel,storage,"fitted wardrobe, built in wardrobe panel",1.2,true,false,true,45
dresser,Chest of Drawers,storage,"dresser, drawer unit, chest",1.0,false,false,false,24
tallboy,Tallboy Chest,storage,"tallboy, tall chest, tall drawers",1.2,true,false,false,35
bookshelf-tall,Bookshelf (tall),storage,"bookcase, tall shelf, shelf",0.9,true,false,false,28
bookshelf-short,Bookshelf (short),storage,"short bookcase, low shelf",0.6,false,false,false,18
sideboard,Sideboard/Dresser,storage,"sideboard, buffet",1.6,true,false,false,48
filing-cabinet,Filing Cabinet,storage,"file cabinet, office cabinet",0.7,false,false,false,34
shoe-rack,Shoe Rack,storage,"shoe cabinet, shoe shelf",0.4,false,false,false,12
storage-unit,Storage Unit,storage,"storage box, plastic storage, storage tower",0.6,false,false,false,16
blanket-box,Blanket Box,storage,"ottoman storage, blanket chest, toy box",0.8,false,false,false,22
display-cabinet,Display Cabinet,storage,"china cabinet, glass cabinet, display unit",1.4,true,true,false,42
linen-cupboard,Linen Cupboard,storage,"airing cupboard, linen closet",1.6,true,false,true,45
wardrobe-child,Children's Wardrobe,storage,"kids wardrobe, small closet",1.0,false,false,true,30
chest-antique,Antique Blanket Chest,storage,"hope chest, vintage chest",1.0,true,false,false,38
ikea-pax-unit,IKEA PAX Wardrobe Unit,storage,"pax frame, ikea wardrobe",1.6,true,false,true,45
ikea-kallax-unit,IKEA KALLAX Shelf Unit,storage,"kallax, ikea shelving, expedit",0.8,false,false,false,22
ikea-malm-dresser,IKEA MALM Dresser,storage,"malm chest, ikea drawers",1.0,false,false,false,25
ottoman-storage-large,Large Storage Ottoman,storage,"storage bench, toy chest",0.9,false,false,false,25
cd-dvd-tower,CD/DVD Tower,storage,"media storage, cd rack",0.3,false,false,false,10
wine-rack,Wine Rack (floor standing),storage,"wine storage, bottle rack",0.5,false,true,false,15
coat-rack-standalone,Standalone Coat Rack,storage,"hall stand, hat stand",0.5,false,false,false,14
basket-weave,Large Wicker Basket,storage,"basket, storage basket, hamper",0.4,false,false,false,10
wardrobe-4door,4-Door Wardrobe,storage,"large fitted wardrobe, sliding door",2.4,true,false,true,75
wardrobe-cantor,Cantor (Hinged Door),storage,"cantor wardrobe, hinged door closet",1.8,true,false,true,55
chest-of-drawers-5,5-Drawer Chest,storage,"large chest, tall chest of drawers",1.4,true,false,false,42
chest-of-drawers-3,3-Drawer Chest,storage,"small chest, bedside chest",0.8,false,false,false,20
blanket-chest-storage,Blanket Chest with Cushion,storage,"storage ottoman, seat chest",0.9,false,false,false,26
bookcase-corner,Corner Bookcase,storage,"corner unit, angle shelf",0.7,false,false,false,20
bookcase-glass-door,Bookcase with Glass Doors,storage,"display bookcase, cabinet",1.1,true,true,false,35
cabinet-display-tall,Tall Display Cabinet,storage,"curio cabinet, trophy case",1.5,true,true,false,50
cabinet-filing-lateral,Lateral Filing Cabinet,storage,"side filing cabinet",1.0,true,false,false,38
cabinet-metal-locker,Metal Locker,storage,"school locker, gym locker",0.9,false,false,false,25
cabinet-bathroom,Bathroom Storage Cabinet,storage,"bathroom cupboard, medicine cabinet",0.5,false,false,false,16
cabinet-kitchen-pantry,Kitchen Pantry Cabinet,storage,"pantry unit, larder cupboard",1.4,true,false,true,45
cart-filing-mobile,Mobile Filing Cart,storage,"filing trolley, document cart",0.4,false,false,false,15
cart-utility,Utility Cart,storage,"service cart, trolley",0.5,false,false,false,14
chest-tool,Tool Chest,storage,"mechanics chest, tool storage",0.8,true,false,false,30
chest-toy,Toy Chest,storage,"kids toy box, storage bin",0.6,false,false,false,18
cupboard-under-stairs,Under Stairs Cupboard,storage,"cupboard, storage cupboard",1.8,true,false,true,50
dresser-vanity,Vanity Dresser,storage,"dressing table with mirror",1.2,false,false,false,35
etagere-shelf,Etagere Shelf,storage,"standing shelf, display stand",0.6,false,false,false,18
hutch-display,Display Hutch,storage,"hutch, top cabinet",1.2,true,false,true,40
locker-gym,Gym Locker,storage,"sports locker, changing locker",0.8,false,false,false,22
organiser-closet,Closet Organiser,storage,"wardrobe organizer, shelf system",0.7,false,false,true,20
organiser-jewelry,Jewelry Armoire,storage,"jewelry box, jewelry cabinet",0.5,false,false,false,22
rack-bike-floor,Floor Bike Rack,storage,"bicycle stand, bike storage",0.5,false,false,false,15
rack-coat-wall,Wall Mounted Coat Rack,storage,"coat hooks, entryway organizer",0.2,false,false,false,8
rack-magazine,Magazine Rack,storage,"newspaper holder, document rack",0.2,false,false,false,6
rack-shoe-wall,Wall Mounted Shoe Rack,storage,"shoe organizer, hanging rack",0.3,false,false,false,10
rack-tie-belt,Tie and Belt Rack,storage,"accessory organizer",0.1,false,false,false,5
shelf-floating,Floating Shelf,storage,"wall shelf, bracket shelf",0.2,false,false,false,6
shelf-ladder,Ladder Shelf,storage,"leaning shelf, bookcase",0.9,true,false,false,28
shelf-over-toilet,Over Toilet Shelf,storage,"bathroom storage shelf",0.4,false,false,false,12
shelf-wall,Wall Shelf Unit,storage,"shelving unit, wall brackets",0.5,false,false,false,15
stand-umbrella,Umbrella Stand,storage,"hall stand, cane holder",0.3,false,false,false,10
storage-bench,Storage Bench,storage,"hall bench with storage, seat box",0.9,false,false,false,26
tower-cd-dvd,CD/DVD Tower,storage,"media storage tower",0.4,false,false,false,12
trunk-vintage,Vintage Trunk,storage,"travel trunk, storage trunk",0.9,true,false,false,30
vanity-dressing,Dressing Table Vanity,storage,"makeup table, vanity table",1.0,false,false,false,30
wardrobe-armoire,Armoire Wardrobe,storage,"freestanding wardrobe, cabinet",1.6,true,false,true,50
wardrobe-double,Double Wardrobe,storage,"2 door wardrobe",1.4,true,false,true,42
wardrobe-single,Single Wardrobe,storage,"1 door wardrobe",1.0,false,false,true,32
wardrobe-triple,Triple Wardrobe,storage,"3 door wardrobe",2.0,true,false,true,60
fridge-standard,Fridge Freezer (standard),appliances,"fridge, refrigerator, freezer, fridge freezer",1.6,true,false,false,45
fridge-american,American Fridge Freezer,appliances,"american fridge, large fridge, american style fridge",2.5,true,false,false,80
fridge-under-counter,Under Counter Fridge,appliances,"small fridge, mini fridge, compact fridge",0.8,false,false,false,25
freezer-chest,Chest Freezer,appliances,"chest freezer, deep freeze",1.4,true,false,false,40
freezer-upright,Upright Freezer,appliances,"upright freezer, tall freezer",1.6,true,false,false,45
washing-machine,Washing Machine,appliances,"washing machine, washer",1.4,true,false,false,45
dishwasher,Dishwasher,appliances,"dishwasher",1.4,true,false,false,45
dryer,Tumble Dryer,appliances,"tumble dryer, dryer",1.4,true,false,false,45
washer-dryer,Washer Dryer,appliances,"washer dryer, combo unit",1.6,true,false,false,50
cooker,Cooker/Oven,appliances,"cooker, oven, stove",1.5,true,false,false,40
range-cooker,Range Cooker,appliances,"range cooker, aga, large cooker",2.2,true,false,false,70
hob,Hob,appliances,"cooking hob, cooktop",0.4,false,true,false,20
extractor-hood,Extractor Hood,appliances,"cooker hood, extractor fan",0.6,false,false,false,18
microwave,Microwave,appliances,"microwave, oven microwave",0.3,false,false,false,18
bbq-standard,BBQ Grill (standard),appliances,"bbq grill, barbecue",0.8,false,false,false,22
bbq-smoker,BBQ Smoker (large),appliances,"bbq smoker, smoker",1.6,true,false,false,45
boiler,Boiler,appliances,"central heating boiler, gas boiler",1.2,true,false,true,55
radiator,Radiator,appliances,"central heating radiator, heater",0.6,true,false,false,20
water-heater,Water Heater,appliances,"hot water tank, immersion heater",1.4,true,false,false,40
dehumidifier,Dehumidifier,appliances,"dehumidifier, moisture remover",0.4,false,false,false,15
air-purifier,Air Purifier,appliances,"air cleaner, filter",0.3,false,false,false,12
air-fryer,Air Fryer,appliances,"deep fryer, healthy fryer",0.2,false,false,false,8
bread-maker,Bread Maker,appliances,"bread machine",0.4,false,false,false,10
coffee-machine-espresso,Espresso Machine,appliances,"coffee maker, nespresso, delonghi",0.3,false,true,false,15
food-processor,Food Processor,appliances,"mixer, blender, kitchen whiz",0.3,false,false,false,12
slow-cooker,Slow Cooker,appliances,"crock pot",0.2,false,false,false,8
steam-oven,Steam Oven (countertop),appliances,"combi oven, steam cooker",0.5,false,false,false,18
water-dispenser,Water Dispenser (standalone),appliances,"water cooler",0.6,false,false,false,16
vacuum-robot,Robot Vacuum,appliances,"roomba, robovac",0.2,false,true,false,10
cooker-gas,Gas Cooker,appliances,"gas stove, gas oven",1.5,true,false,false,42
cooker-electric,Electric Cooker,appliances,"electric stove, electric oven",1.5,true,false,false,42
cooker-dual-fuel,Dual Fuel Cooker,appliances,"gas hob electric oven",1.5,true,false,false,45
oven-single,Single Oven,appliances,"built-in oven, electric oven",0.8,true,false,false,30
oven-double,Double Oven,appliances,"twin oven, double built-in",1.2,true,false,false,50
oven-combination,Combination Microwave Oven,appliances,"combi oven, microwave grill",0.5,false,false,false,22
hob-gas,Gas Hob,appliances,"gas cooktop, gas burner",0.4,false,true,false,20
hob-electric,Electric Hob,appliances,"electric cooktop, ceramic hob",0.4,false,true,false,20
hob-induction,Induction Hob,appliances,"induction cooktop",0.4,false,true,false,25
hood-chimney,Chimney Hood,appliances,"chimney extractor, canopy hood",0.7,true,false,false,30
hood-integrated,Integrated Hood,appliances,"built-in hood, hidden extractor",0.5,false,false,false,20
hood-island,Island Hood,appliances,"ceiling extractor, island extractor",0.8,true,false,false,35
fridge-counter-depth,Counter Depth Fridge,appliances,"built-in fridge, integrated fridge",1.6,true,false,false,50
fridge-side-by-side,Side by Side Fridge,appliances,"double door fridge, side by side",2.0,true,false,false,70
fridge-wine-cooler,Fridge with Wine Cooler,appliances,"wine fridge, cooler fridge",1.8,true,false,false,65
freezer-table-top,Table Top Freezer,appliances,"small freezer, countertop freezer",0.7,false,false,false,25
freezer-integrated,Integrated Freezer,appliances,"built-in freezer",1.2,true,false,false,40
washer-integrated,Integrated Washing Machine,appliances,"built-in washer",1.2,true,false,false,48
dryer-condenser,Condenser Tumble Dryer,appliances,"condenser dryer, ventless dryer",1.4,true,false,false,48
dryer-vented,Vented Tumble Dryer,appliances,"vented dryer",1.4,true,false,false,45
dryer-heat-pump,Heat Pump Dryer,appliances,"heat pump dryer, energy efficient",1.4,true,false,false,55
dishwasher-compact,Compact Dishwasher,appliances,"small dishwasher, slimline",1.0,false,false,false,35
dishwasher-integrated,Integrated Dishwasher,appliances,"built-in dishwasher",1.2,true,false,false,50
dishwasher-slimline,Slimline Dishwasher,appliances,"narrow dishwasher",1.0,true,false,false,38
water-softener,Water Softener,appliances,"softener unit, salt softener",1.2,true,false,false,60
water-filter,Water Filter System,appliances,"under sink filter, purifier",0.4,false,false,false,20
waste-disposer,Waste Disposer Unit,appliances,"garbage disposal, sink disposal",0.3,false,false,false,15
table-dining-4,Dining Table (4 seats),tables,"dining table, 4 seater table, kitchen table",1.4,true,false,true,38
table-dining-6,Dining Table (6-8 seats),tables,"large dining table, 6 seater table, 8 seater table",2.2,true,false,true,58
table-coffee,Coffee Table,tables,"coffee table, center table",0.6,false,false,false,18
table-console,Console Table,tables,"console table, hallway table",0.8,false,false,false,22
desk-office,Office Desk,tables,"office desk, desk, computer desk",1.2,true,false,true,30
table-conference,Conference Table (large),tables,"conference table, meeting table large",3.2,true,false,true,95
chair-indoor,Chair (indoor),tables,"chair, dining chair",0.3,false,false,false,12
chair-garden,Garden Chair,outdoor,"garden chair, patio chair",0.3,false,false,false,10
patio-table,Patio Table,outdoor,"outdoor table, garden table",1.0,false,false,false,22
side-table,Side Table,tables,"lamp table, end table, occasional table",0.4,false,false,false,14
nest-tables,Nest of Tables,tables,"nesting tables, nested tables",0.5,false,false,false,18
desk-writing,Writing Desk,tables,"writing desk, secretary desk, small desk",0.8,false,false,false,24
dressing-table,Dressing Table,tables,"vanity table, makeup table, dressing unit",1.0,false,false,false,28
bar-table,Bar Table,tables,"breakfast bar, high table, pub table",0.8,false,false,false,22
folding-table,Folding Table,tables,"fold up table, trestle table",0.6,false,false,false,16
table-kitchen,Kitchen Table,tables,"breakfast table, nook table",1.0,false,false,false,25
table-picnic,Picnic Table (foldable),outdoor,"garden picnic table",1.4,true,false,true,35
table-bedside,Bedside Cabinet,tables,"nightstand, bedside table",0.4,false,false,false,12
table-gateleg,Gateleg Table,tables,"drop leaf table, small dining table",1.0,false,false,true,30
table-pub,Pub Table Set,tables,"bar set, high table set",1.2,true,false,false,35
stool-bar,Bar Stool,tables,"kitchen island stool, counter stool",0.3,false,false,false,10
stool-kitchen,Kitchen Stool,tables,"step stool, small stool",0.2,false,false,false,8
table-craft,Craft Table,tables,"hobby table, sewing table",1.0,false,false,false,26
table-gaming,Gaming Table,tables,"computer gaming desk",1.2,true,false,true,32
table-dining-extendable,Extendable Dining Table,tables,"drop leaf table, expanding table",1.8,true,false,true,65
table-dining-round,Round Dining Table,tables,"circular table, kitchen table",1.6,true,false,true,52
table-dining-square,Square Dining Table,tables,"square dining, breakfast table",1.4,true,false,true,45
table-dining-glass,Glass Dining Table,tables,"glass top table, modern table",1.6,true,true,true,60
table-dining-pub,Pub Dining Table,tables,"high top table, bar table",1.0,false,false,false,30
table-dining-formal,Formal Dining Table,tables,"traditional table, oak table",2.0,true,false,true,70
table-end,End Table,tables,"side table, lamp table",0.4,false,false,false,14
table-occasional,Occasional Table,tables,"decorative table, accent table",0.5,false,false,false,16
table-side,Small Side Table,tables,"bedside table, end table",0.3,false,false,false,10
table-sofa,Sofa Table,tables,"console behind sofa, hallway table",0.8,false,false,false,22
table-tea,Tea Table,tables,"tea cart, serving table",0.6,false,false,false,18
table-tilt-top,Tilt Top Table,tables,"tilting table, space saver",0.7,false,false,true,20
table-work,Work Table,tables,"utility table, hobby table",1.2,false,false,false,30
desk-adjustable-standing,Adjustable Standing Desk,tables,"standing desk, electric desk",1.4,true,false,true,75
desk-corner,Corner Desk,tables,"L-shaped desk, computer corner",1.6,true,false,true,55
desk-executive,Executive Desk,tables,"large office desk, manager desk",2.0,true,false,true,85
desk-l-shaped,L-Shaped Desk,tables,"corner workstation, office L-desk",1.8,true,false,true,70
desk-reception,Reception Desk,tables,"front desk, office reception",2.2,true,false,true,90
desk-roll-top,Roll Top Desk,tables,"secretary desk, antique desk",1.4,true,false,true,65
desk-school,School Desk,tables,"student desk, writing desk",0.8,false,false,false,25
desk-computer,Computer Desk,tables,"pc desk, workstation",1.2,true,false,true,40
desk-drafting,Drafting Table,tables,"drawing table, artist desk",1.4,true,false,true,60
desk-gaming,Gaming Desk,tables,"gamer desk, computer gaming",1.2,true,false,true,45
desk-writing-antique,Antique Writing Desk,tables,"vintage desk, old desk",1.4,true,false,true,70
stool-adjustable,Adjustable Stool,tables,"office stool, task stool",0.3,false,false,false,12
stool-counter,Counter Stool,tables,"breakfast bar stool, kitchen stool",0.3,false,false,false,12
stool-folding,Folding Stool,tables,"camp stool, portable stool",0.2,false,false,false,8
stool-step,Step Stool,tables,"kitchen step, small ladder",0.3,false,false,false,10
stool-upholstered,Upholstered Stool,tables,"padded stool, seat stool",0.3,false,false,false,12
chair-accent,Accent Chair,tables,"side chair, occasional chair",0.4,false,false,false,15
chair-arm,Armchair,tables,"upholstered chair, living room chair",0.6,false,false,false,20
chair-bentwood,Bentwood Chair,tables,"vienna chair, cafe chair",0.3,false,false,false,12
chair-captains,Captain's Chair,tables,"office chair, wooden armchair",0.4,false,false,false,16
chair-dining,Dining Chair,tables,"kitchen chair, table chair",0.3,false,false,false,12
chair-director,Director's Chair,tables,"folding canvas chair, campaign chair",0.3,false,false,false,14
chair-folding,Folding Chair,tables,"foldable chair, camping chair",0.2,false,false,false,8
chair-guest,Guest Chair,tables,"occasional chair, spare chair",0.3,false,false,false,12
chair-kitchen,Kitchen Chair,tables,"dining chair, breakfast chair",0.3,false,false,false,12
chair-lounge,Lounge Chair,tables,"reading chair, comfortable chair",0.7,false,false,false,25
chair-office,Office Chair,tables,"desk chair, swivel chair",0.5,false,false,false,18
chair-padded,Padded Chair,tables,"upholstered seat, soft chair",0.4,false,false,false,15
chair-parson,Parson's Chair,tables,"dining armchair, square chair",0.4,false,false,false,16
chair-rocking,Rocking Chair,tables,"rocker, nursery chair",0.6,false,false,false,22
chair-side,Side Chair,tables,"armless chair, dining chair",0.3,false,false,false,12
chair-sliped,Slipcovered Chair,tables,"slipcover chair, washable chair",0.5,false,false,false,20
chair-stackable,Stacking Chair,tables,"stack chair, event chair",0.3,false,false,false,10
chair-wingback,Wingback Chair,tables,"wing chair, traditional armchair",0.8,false,false,false,30
bench-dining,Dining Bench,tables,"kitchen bench, table bench",1.0,false,false,false,28
bench-hall,Hall Bench,tables,"entryway bench, shoe bench",0.8,false,false,false,22
bench-kitchen,Kitchen Bench,tables,"breakfast nook bench, banquette",1.2,false,false,false,35
bench-piano,Piano Bench,tables,"keyboard bench, music stool",0.4,false,false,false,14
bench-storage,Storage Bench,tables,"seat with storage, toy box bench",0.9,false,false,false,26
trampoline,Trampoline (disassembled),outdoor,"trampoline, garden trampoline",1.8,true,false,true,45
swing-seat,Swing Seat (3-person),outdoor,"swing seat, garden swing",1.6,true,false,false,40
gazebo,Gazebo (disassembled),outdoor,"garden gazebo, outdoor shelter",2.0,true,false,true,55
shed-small,Garden Shed (panels),outdoor,"garden shed, storage shed",3.0,true,false,true,85
greenhouse,Greenhouse (panels),outdoor,"greenhouse, garden greenhouse",2.5,true,true,true,75
hot-tub,Hot Tub,outdoor,"jacuzzi, spa, hot tub",4.0,true,false,true,120
garden-furniture-set,Garden Furniture Set,outdoor,"patio set, outdoor dining set",1.8,true,false,false,48
parasol,Garden Parasol,outdoor,"garden umbrella, patio umbrella",0.4,false,false,false,12
lawnmower,Lawnmower,outdoor,"grass cutter, lawn mower",0.8,false,false,false,22
power-tools,Power Tool Set,outdoor,"drill set, tool kit",0.4,false,false,false,15
garden-swing,Garden Swing (frame),outdoor,"kids swing set, a-frame swing",2.2,true,false,true,60
climbing-frame,Children's Climbing Frame,outdoor,"play frame, jungle gym",2.5,true,false,true,70
sandpit,Sandpit,outdoor,"sand box",0.8,false,false,false,18
wheelbarrow,Wheelbarrow,outdoor,"garden barrow",0.6,false,false,false,15
compost-bin,Compost Bin,outdoor,"composter",0.5,false,false,false,12
water-butt,Water Butt (full),outdoor,"rain barrel",0.7,true,false,false,16
garden-sculpture,Garden Sculpture,outdoor,"stone ornament, metal art",0.6,true,true,false,25
planters-large,Large Garden Planters,outdoor,"pots, troughs, ceramic pot",0.5,false,false,false,12
bbq-cover,BBQ Cover (Heavy Duty),outdoor,"barbecue cover",0.2,false,false,false,6
bench-garden,Garden Bench (wood/metal),outdoor,"park bench, seating",1.2,true,false,false,30
fire-pit,Fire Pit,outdoor,"chiminea, outdoor fire",0.6,false,false,false,20
log-store,Log Store,outdoor,"wood store, log pile",0.8,false,false,false,18
bicycle-adult,Adult Bicycle,outdoor,"bike, cycle",0.5,false,false,false,15
bicycle-child,Child's Bicycle,outdoor,"kids bike",0.3,false,false,false,10
scooter-adult,Adult Scooter,outdoor,"kick scooter",0.3,false,false,false,10
kayak-canoe,Kayak/Canoe,outdoor,"boat, paddlesport",2.5,true,false,false,65
paddle-board,Paddle Board,outdoor,"sup, stand up paddleboard",1.2,false,false,false,30
golf-clubs,Golf Club Set,outdoor,"golf bag, irons, driver",0.6,false,false,false,20
surfboard,Surfboard,outdoor,"surf board, longboard",1.2,false,true,false,28
garden-shed-large,Large Garden Shed,outdoor,"workshop shed, big shed",4.0,true,false,true,120
garden-office,Garden Office Pod,outdoor,"shed office, summer house",5.0,true,false,true,200
playhouse-child,Children's Playhouse,outdoor,"wendy house, kids cabin",2.5,true,false,true,80
arbour-garden,Garden Arbour,outdoor,"garden arch, seating arbour",1.5,true,false,false,45
pergola,Pergola Kit,outdoor,"garden pergola, shade structure",3.0,true,false,true,100
fence-panel,Fence Panel,outdoor,"garden fence, wooden panel",1.2,true,false,false,25
gate-garden,Garden Gate,outdoor,"wooden gate, metal gate",0.8,true,false,false,22
decking-board,Decking Boards (Bundle),outdoor,"composite decking, wood deck",1.5,true,false,false,40
patio-heater,Patio Heater,outdoor,"outdoor heater, gas heater",0.8,true,false,false,35
bbq-built-in,Built-in BBQ,outdoor,"outdoor kitchen bbq",2.5,true,false,true,110
bbq-portable,Portable BBQ,outdoor,"charcoal bbq, disposable bbq",0.4,false,false,false,15
cool-box-large,Large Cool Box,outdoor,"ice box, cooler chest",0.5,false,false,false,16
garden-kneeler,Garden Kneeler,outdoor,"gardening stool, knee pad",0.2,false,false,false,8
garden-tool-set,Garden Tool Set,outdoor,"rake, spade, fork set",0.5,false,false,false,15
hammock-with-stand,Hammock with Stand,outdoor,"garden hammock, relaxing",1.2,true,false,true,40
hedge-trimmer,Hedge Trimmer,outdoor,"electric trimmer, garden tool",0.3,false,false,false,12
leaf-blower,Leaf Blower,outdoor,"garden blower, vac",0.4,false,false,false,14
patio-set-3piece,3-Piece Patio Set,outdoor,"table and 2 chairs, bistro set",1.2,true,false,false,38
patio-set-5piece,5-Piece Patio Set,outdoor,"table and 4 chairs, dining set",1.8,true,false,false,55
patio-set-7piece,7-Piece Patio Set,outdoor,"sofa set, corner group",2.5,true,false,false,85
picnic-basket,Picnic Basket,outdoor,"hamper, picnic set",0.3,false,false,false,12
plant-pot-large,Large Plant Pot,outdoor,"terracotta pot, ceramic pot",0.4,false,false,false,12
plant-stand,Plant Stand,outdoor,"plant holder, display stand",0.4,false,false,false,12
porch-swing,Porch Swing,outdoor,"hanging swing, bench swing",1.4,true,false,true,45
potting-bench,Potting Bench,outdoor,"garden workbench, plant table",1.2,true,false,false,35
rain-barrel,Rain Barrel,outdoor,"water collector, butt",0.7,true,false,false,18
tv-43-55,"TV 43-55",electronics,"tv, television, 43 inch tv, 55 inch tv, smart tv",0.5,false,true,false,22
tv-65,"TV 65",electronics,"65 tv, large tv, 65 inch tv",0.7,true,true,false,28
tv-75-plus,"TV 75+ (Large)",electronics,"75 inch tv, 85 inch tv, huge tv",1.0,true,true,false,35
tv-stand,TV Stand,electronics,"tv stand, media unit",0.6,false,false,false,15
entertainment-unit,Entertainment Unit,electronics,"tv unit, media cabinet, av unit",1.2,false,false,false,32
sound-system,Sound System (bundle),electronics,"sound system, speakers, subwoofer",0.8,false,true,false,28
soundbar,Soundbar,electronics,"soundbar, tv speaker",0.3,false,false,false,12
speaker-floor,Floor Standing Speaker,electronics,"tower speaker, floor speaker",0.4,false,true,false,16
printer-large,Large Office Printer,electronics,"printer, copier, office printer",1.0,true,false,false,35
printer-home,Home Printer,electronics,"inkjet printer, small printer",0.3,false,false,false,10
desktop-pc,Desktop PC,electronics,"desktop, tower pc",0.4,false,false,false,12
monitor,Monitor,electronics,"screen, pc monitor",0.2,false,true,false,8
laptop,Laptop,electronics,"laptop computer, notebook",0.1,false,true,false,5
gaming-console,Gaming Console,electronics,"playstation, xbox, nintendo, console",0.2,false,false,false,8
projector,Projector,electronics,"projector, beamer",0.3,false,true,false,12
hi-fi,Hi-Fi System,electronics,"stereo system, music system, audio system",0.6,false,true,false,18
record-player,Record Player,electronics,"turntable, vinyl player",0.3,false,true,false,12
dj-controller,DJ Controller Deck,electronics,"dj deck, mixer",0.6,false,true,false,25
cctv-camera-system,CCTV Camera System,electronics,"security cameras, dvr system",0.5,false,false,false,20
network-switch,Network Switch/Router,electronics,"internet router, hub",0.1,false,false,false,5
satellite-dish,Satellite Dish,electronics,"sky dish, aerial",0.4,true,true,true,15
digital-frame,Digital Photo Frame,electronics,"photo frame digital",0.1,false,true,false,5
e-reader,E-Reader,electronics,"kindle, kobo",0.1,false,true,false,4
tablet,Tablet,electronics,"ipad, android tablet",0.1,false,true,false,5
smart-home-hub,Smart Home Hub,electronics,"alexa, google home, smart speaker",0.1,false,false,false,6
tv-crt-old,Old CRT Television,electronics,"box tv, old television",1.2,true,true,false,40
tv-plasma,Plasma TV,electronics,"plasma screen",0.8,true,true,false,30
tv-lcd,LCD TV,electronics,"lcd television",0.5,false,true,false,20
tv-oled,OLED TV,electronics,"oled screen",0.6,true,true,false,32
tv-curved,Curved TV,electronics,"curved screen tv",0.7,true,true,false,35
projector-screen,Projector Screen,electronics,"pull down screen, electric screen",0.5,false,false,false,18
media-streamer,Media Streamer,electronics,"fire tv, roku, apple tv",0.1,false,false,false,6
blu-ray-player,Blu-ray Player,electronics,"dvd player, bluray",0.2,false,false,false,10
home-cinema-system,Home Cinema System,electronics,"surround sound, 5.1 system",0.9,false,true,false,40
speaker-bookshelf,Bookshelf Speaker,electronics,"small speaker, stereo speaker",0.2,false,true,false,12
speaker-satellite,Satellite Speaker,electronics,"surround speaker, small speaker",0.2,false,true,false,10
speaker-soundbar,Soundbar with Subwoofer,electronics,"soundbar and sub",0.5,false,false,false,25
subwoofer-active,Active Subwoofer,electronics,"bass speaker, sub",0.4,false,false,false,20
amplifier-stereo,Stereo Amplifier,electronics,"av receiver, amp",0.3,false,false,false,15
turntable-belt,Belt Drive Turntable,electronics,"record player, vinyl",0.3,false,true,false,20
cd-player,CD Player,electronics,"compact disc player",0.2,false,false,false,10
cassette-deck,Cassette Deck,electronics,"tape deck, cassette player",0.2,false,false,false,10
receiver-av,AV Receiver,electronics,"home theater receiver",0.4,false,false,false,25
digital-piano,Digital Piano,electronics,"electric piano, keyboard",0.8,true,false,false,35
synthesizer-keyboard,Synthesizer Keyboard,electronics,"synth, music keyboard",0.5,false,false,false,22
drum-machine,Drum Machine,electronics,"beat machine, electronic drums",0.3,false,false,false,15
guitar-amplifier,Guitar Amplifier,electronics,"guitar amp, combo amp",0.6,true,false,false,30
microphone-stand,Microphone and Stand,electronics,"mic, recording microphone",0.3,false,false,false,12
digital-mixer,Digital Mixer,electronics,"audio mixer, sound board",0.5,false,false,false,28
headphone-set,Headphone Set,electronics,"headphones, gaming headset",0.1,false,true,false,6
web-camera,Web Camera,electronics,"webcam, video camera",0.1,false,true,false,5
external-hard-drive,External Hard Drive,electronics,"portable hard drive",0.1,false,true,false,5
network-attached-storage,Network Attached Storage,electronics,"nas drive, storage server",0.2,false,false,false,12
graphics-tablet,Graphics Tablet,electronics,"drawing tablet, pen tablet",0.1,false,true,false,8
scanner-flatbed,Flatbed Scanner,electronics,"document scanner, photo scanner",0.2,false,false,false,10
gym-equipment,Gym Equipment,fitness,"exercise bike, treadmill, weights",1.6,true,false,false,45
rowing-machine,Rowing Machine,fitness,"rowing machine, rower",1.2,true,false,false,35
cross-trainer,Cross Trainer,fitness,"elliptical, cross trainer",1.4,true,false,false,40
weight-bench,Weight Bench,fitness,"gym bench, exercise bench",0.8,false,false,false,22
dumbbells,Dumbbell Set,fitness,"weights, dumbbells, barbells",0.6,true,false,false,18
exercise-bike,Exercise Bike,fitness,"static bike, spin bike",1.2,true,false,false,35
treadmill,Treadmill,fitness,"running machine",2.0,true,false,true,60
multi-gym,Multi Gym Station,fitness,"home gym, weight machine",2.5,true,false,true,80
punch-bag,Punch Bag (with stand),fitness,"boxing bag, heavy bag",1.4,true,false,true,40
yoga-mat,Yoga Mat,fitness,"exercise mat",0.1,false,false,false,4
kettlebell-set,Kettlebell Set,fitness,"kettlebells",0.4,true,false,false,15
resistance-bands,Resistance Band Set,fitness,"workout bands",0.1,false,false,false,4
pull-up-bar,Pull-Up Bar (door frame),fitness,"chin up bar",0.2,false,false,false,8
gym-ball,Gym Ball,fitness,"yoga ball, exercise ball",0.3,false,false,false,8
bench-press,Bench Press,fitness,"weight bench, press bench",1.2,true,false,false,40
weight-rack,Weight Rack,fitness,"squat rack, weight stand",1.2,true,false,false,40
ab-machine,Abdominal Machine,fitness,"ab roller, crunch machine",0.6,false,false,false,25
leg-press-machine,Leg Press Machine,fitness,"leg press, gym legs",2.2,true,false,true,90
cable-crossover-machine,Cable Crossover Machine,fitness,"cable machine, pulley system",3.0,true,false,true,150
smith-machine,Smith Machine,fitness,"guided barbell, smith rack",2.8,true,false,true,140
dip-bar,Dip Bar,fitness,"parallel bars, dip station",0.5,false,false,false,20
plyo-box,Plyometric Box,fitness,"jump box, workout box",0.4,false,false,false,18
heart-rate-monitor,Heart Rate Monitor,fitness,"chest strap, pulse monitor",0.1,false,false,false,6
fitness-tracker,Fitness Tracker,fitness,"activity tracker, smartwatch",0.1,false,true,false,5
gym-mat-large,Large Gym Mat,fitness,"exercise mat, tumbling mat",0.6,false,false,false,20
boxing-gloves,Boxing Gloves Set,fitness,"punching gloves, sparring",0.2,false,false,false,10
speed-bag,Speed Bag,fitness,"boxing speed ball",0.3,false,false,false,15
medicine-ball,Medicine Ball,fitness,"workout ball, fitness ball",0.2,false,false,false,12
foam-roller,Foam Roller,fitness,"muscle roller, recovery",0.2,false,false,false,8
yoga-block,Yoga Block,fitness,"yoga brick, support block",0.1,false,false,false,4
yoga-strap,Yoga Strap,fitness,"stretch strap, yoga belt",0.1,false,false,false,4
ankle-weights,Ankle Weights,fitness,"leg weights, resistance",0.1,false,false,false,5
wrist-weights,Wrist Weights,fitness,"arm weights",0.1,false,false,false,5
step-aerobics,Step Aerobics Platform,fitness,"aerobic step, workout step",0.3,false,false,false,15
balance-board,Balance Board,fitness,"wobble board, core trainer",0.2,false,false,false,10
jump-rope,Jump Rope,fitness,"skipping rope, speed rope",0.1,false,false,false,4
office-chair,Office Chair,office,"desk chair, swivel chair, computer chair",0.6,false,false,false,18
boardroom-chair,Boardroom Chair,office,"meeting chair, conference chair",0.4,false,false,false,14
reception-desk,Reception Desk,office,"office reception, front desk",2.0,true,false,true,65
filing-cabinet-4drawer,4-Drawer Filing Cabinet,office,"office filing, document storage",1.0,true,false,false,32
office-partition,Office Partition,office,"room divider, office screen",0.8,true,false,false,25
whiteboard,Whiteboard,office,"presentation board, meeting board",0.4,false,false,false,15
photocopier,Photocopier,office,"office copier, scanner",1.8,true,false,false,55
desk-lamp,Desk Lamp,office,"office light, task lamp",0.1,false,false,false,5
paper-shredder,Paper Shredder,office,"document shredder",0.3,false,false,false,10
water-cooler,Water Cooler,office,"water dispenser",0.5,false,false,false,12
conference-phone,Conference Phone,office,"speakerphone",0.2,false,false,false,8
bookcase-office,Office Bookcase,office,"reference shelf",0.9,true,false,false,28
coat-rack-office,Office Coat Rack,office,"standalone rack",0.4,false,false,false,10
chair-guest-office,Office Guest Chair,office,"visitor chair, side chair",0.3,false,false,false,12
desk-corner-unit,Desk Corner Unit,office,"desk extension, return unit",0.8,false,false,false,25
desk-hutch,Desk Hutch,office,"desk top cabinet, organizer",0.6,false,false,false,20
filing-cabinet-lateral,Lateral Filing Cabinet,office,"side filing cabinet",1.2,true,false,false,38
office-sofa,Office Sofa,office,"waiting area sofa, couch",1.8,true,false,false,60
office-table-coffee,Office Coffee Table,office,"lobby table, waiting area",0.6,false,false,false,20
cabinet-storage-office,Office Storage Cabinet,office,"supply cabinet, cupboard",1.0,true,false,false,35
rack-brochure,Brochure Rack,office,"literature stand, magazine rack",0.3,false,false,false,12
stand-whiteboard,Whiteboard Stand,office,"mobile whiteboard, easel",0.5,false,false,false,18
telephone-desk,Desk Telephone,office,"office phone, business phone",0.1,false,false,false,6
monitor-arm,Monitor Arm,office,"screen mount, monitor stand",0.2,false,false,false,10
keyboard-tray,Keyboard Tray,office,"slide out tray, under desk",0.1,false,false,false,6
cpu-holder,CPU Holder,office,"computer tower stand",0.3,false,false,false,10
cabinet-card,Card Cabinet,office,"index card drawer, catalog cabinet",0.7,false,false,false,25
plan-cabinet,Plan Cabinet,office,"blueprint storage, map cabinet",1.4,true,false,false,50
postal-scale,Postal Scale,office,"shipping scale, parcel scale",0.1,false,false,false,8
time-clock,Time Clock,office,"punch clock, attendance",0.2,false,false,false,12
safe-office,Office Safe,office,"data safe, document safe",0.8,true,false,false,45
bookcase-glass-door-office,Office Bookcase with Glass Doors,office,"display bookcase, cabinet",1.1,true,true,false,40
conference-table-large,Large Conference Table,office,"boardroom table, meeting table",3.5,true,false,true,120
conference-table-small,Small Conference Table,office,"meeting table, discussion table",2.0,true,false,true,75
lectern,Lectern,office,"podium, speaking stand",0.5,false,false,false,22
projector-ceiling-mount,Ceiling Projector Mount,office,"projector bracket, ceiling mount",0.3,true,false,true,15
screen-projection,Projection Screen,office,"pull down screen, electric",0.5,false,false,false,20
table-training,Training Table,office,"classroom table, workshop table",1.8,true,false,true,60
workstation-cubicle,Cubicle Workstation,office,"office cubicle, partition system",2.5,true,false,true,100
box-small,Box - Small,boxes,"small box, box, cardboard box",0.2,false,false,false,4
box-medium,Box - Medium,boxes,"medium box, packing box",0.2,false,false,false,4
box-large,Box - Large,boxes,"large box, suitcase, storage box",0.4,false,false,false,9
box-book,Book Box (heavy),boxes,"book box, heavy box, books box",0.3,true,false,false,9
plastic-crate,Plastic Crate (large),boxes,"plastic crate, plastic box",0.4,false,false,false,9
suitcase-large,Large Suitcase,boxes,"travel case, luggage",0.4,false,false,false,8
garment-box,Wardrobe Box,boxes,"hanging box, garment box",0.6,false,false,false,12
archive-box,Archive Box,boxes,"document box, file box",0.3,false,false,false,6
crockery-box,Crockery Box,boxes,"plates box, china box",0.3,true,true,false,8
glassware-box,Glassware Box,boxes,"glasses box, fragile box",0.3,true,true,false,8
picture-box,Picture/Art Box,boxes,"framed art box",0.4,true,true,false,10
tool-box,Tool Box,boxes,"tool storage box",0.4,false,false,false,9
bike-box,Bicycle Box,boxes,"bike packaging",1.0,true,false,false,20
box-mattress,Mattress Box,boxes,"mattress bag, mattress cover",0.8,false,false,false,15
box-tv,TV Box,boxes,"television box, screen box",0.5,false,true,false,12
box-mirror,Mirror Box,boxes,"picture box, glass box",0.4,true,true,false,10
box-lamp,Lamp Box,boxes,"light shade box, lamp packaging",0.3,true,true,false,8
box-computer,Computer Box,boxes,"pc box, monitor box",0.4,false,true,false,10
box-kitchen,Kitchen Box,boxes,"kitchenware box, utensils",0.3,false,false,false,7
box-bathroom,Bathroom Box,boxes,"bathroom items, toiletries",0.3,false,false,false,7
box-bedroom,Bedroom Box,boxes,"linen box, bedroom items",0.3,false,false,false,7
box-garage,Garage Box,boxes,"tools box, car items",0.4,false,false,false,8
box-office,Office Box,boxes,"stationery box, documents",0.3,false,false,false,7
box-toys,Toys Box,boxes,"children's toys, games",0.3,false,false,false,7
box-christmas,Christmas Decoration Box,boxes,"xmas decs, tree ornaments",0.3,false,true,false,8
box-camping,Camping Equipment Box,boxes,"tent box, outdoor gear",0.6,false,false,false,12
box-sports,Sports Equipment Box,boxes,"sports gear, balls",0.4,false,false,false,9
box-shoes,Shoes Box,boxes,"footwear box, shoes storage",0.2,false,false,false,5
box-jewelry,Jewelry Box,boxes,"small valuables box, jewelry case",0.1,false,true,false,5
box-cable,Cable Box,boxes,"wires box, electronics cables",0.1,false,false,false,4
box-medicine,Medicine Box,boxes,"first aid kit, pharmaceuticals",0.1,false,false,false,4
box-garden,Garden Box,boxes,"gardening tools, plant items",0.4,false,false,false,8
box-diy,DIY Box,boxes,"tools box, home improvement",0.4,false,false,false,8
box-music,Music Box,boxes,"cds box, records, instruments",0.3,false,true,false,8
box-photo,Photo Box,boxes,"photographs album, memories",0.2,false,true,false,6
box-sentimental,Sentimental Items Box,boxes,"keepsakes, memorabilia",0.2,false,true,false,6
box-sewing,Sewing Box,boxes,"sewing kit, fabric",0.2,false,false,false,6
box-cleaning,Cleaning Box,boxes,"cleaning supplies, detergents",0.2,false,false,false,5
box-pet,Pet Supplies Box,boxes,"pet food, animal items",0.3,false,false,false,7
box-misc,Miscellaneous Box,boxes,"assorted items, bits and bobs",0.2,false,false,false,5
lighting-chandelier,Chandelier,lighting,"ceiling light, crystal light",0.6,true,true,false,25
lighting-pendant,Pendant Light,lighting,"hanging light, ceiling pendant",0.3,false,true,false,12
floor-lamp,Floor Lamp,lighting,"standard lamp, reading lamp",0.4,false,true,false,15
table-lamp,Table Lamp,lighting,"desk lamp, bedside lamp",0.2,false,true,false,8
ceiling-fan,Ceiling Fan,lighting,"ceiling fan with light",0.5,false,false,false,18
lamp-standard,Standard Lamp,lighting,"arc lamp, tall lamp",0.5,false,true,false,16
spotlight-track,Spotlight Track,lighting,"track lighting, halogen spots",0.4,false,false,false,12
bathroom-light,Bathroom Light Unit,lighting,"shower light, extractor light",0.3,false,false,false,10
outdoor-light,Outdoor Security Light,lighting,"pir light, wall light",0.2,false,false,false,8
lamp-shade-large,Lampshade (large),lighting,"drum shade, empire shade",0.2,false,true,false,6
light-bathroom-mirror,Bathroom Mirror Light,lighting,"vanity light, makeup light",0.2,false,false,false,10
light-cabinet-under,Under Cabinet Light,lighting,"kitchen strip light, task light",0.1,false,false,false,6
light-ceiling-recessed,Recessed Ceiling Light,lighting,"downlight, spot light",0.1,false,false,false,5
light-chandelier-small,Small Chandelier,lighting,"mini chandelier, crystal light",0.4,false,true,false,20
light-desks,Desk Lamp,lighting,"task light, office lamp",0.1,false,false,false,8
light-emergency,Emergency Light,lighting,"exit light, safety light",0.2,false,false,false,12
light-floor-standard,Standard Floor Lamp,lighting,"reading light, standing lamp",0.4,false,true,false,15
light-flood-outdoor,Outdoor Flood Light,lighting,"security light, motion light",0.3,false,false,false,14
light-garage,Garage Light,lighting,"workshop light, utility light",0.3,false,false,false,12
light-halogen,Halogen Light,lighting,"halogen bulb, spot lamp",0.1,false,false,false,6
light-hanging-bulb,Hanging Bulb Light,lighting,"pendant bulb, industrial light",0.2,false,true,false,10
light-led-strip,LED Strip Light,lighting,"led tape, rope light",0.1,false,false,false,8
light-motion-sensor,Motion Sensor Light,lighting,"security light, automatic light",0.2,false,false,false,12
light-nighlight,Night Light,lighting,"plug in light, child's light",0.1,false,false,false,4
light-pendant-industrial,Industrial Pendant Light,lighting,"factory light, loft light",0.3,false,true,false,16
light-rail-lighting,Rail Lighting,lighting,"track light, display light",0.4,false,false,false,18
light-rope,Rope Light,lighting,"flexible led, decorative light",0.2,false,false,false,10
light-sconce,Wall Sconce,lighting,"wall light, mounted light",0.2,false,false,false,12
light-string,String Lights,lighting,"fairy lights, party lights",0.1,false,false,false,6
light-table-desk,Desk Table Lamp,lighting,"study lamp, office light",0.1,false,false,false,8
light-torchère,Torchère Lamp,lighting,"torch lamp, uplighter",0.4,false,true,false,16
light-track,Track Lighting,lighting,"ceiling track, spotlights",0.4,false,false,false,18
light-vanity,Vanity Light,lighting,"makeup light, bathroom mirror light",0.2,false,false,false,14
light-wall-bracket,Wall Bracket Light,lighting,"external light, outside light",0.2,false,false,false,12
lighting-ceiling-flush,Flush Ceiling Light,lighting,"ceiling mount light, dome light",0.2,false,false,false,10
lighting-ceiling-semi,Semi-Flush Ceiling Light,lighting,"ceiling light, bowl light",0.3,false,false,false,12
lighting-pendant-multi,Multi Pendant Light,lighting,"cluster light, group pendant",0.4,false,true,false,22
lighting-pendant-single,Single Pendant Light,lighting,"one light pendant, hanging light",0.2,false,true,false,10
carpet-roll,Carpet Roll,flooring,"carpet, floor covering",1.2,true,false,false,30
rug-large,Large Rug,flooring,"floor rug, area rug",0.6,false,false,false,18
rug-small,Small Rug,flooring,"mat, small carpet",0.2,false,false,false,6
laminate-flooring,Laminate Flooring,flooring,"wood flooring, floor panels",0.8,true,false,false,22
underlay-roll,Underlay Roll,flooring,"carpet underlay",0.6,false,false,false,15
vinyl-flooring,Vinyl Flooring Roll,flooring,"lino, vinyl sheet",0.7,false,false,false,16
tile-box,Box of Tiles,flooring,"floor tiles, ceramic tiles",0.6,true,false,false,18
wood-flooring,Wood Flooring Pack,flooring,"hardwood, engineered wood",0.9,true,false,false,25
carpet-remnant,Carpet Remnant,flooring,"carpet offcut, leftover carpet",0.5,false,false,false,14
carpet-tiles,Carpet Tiles,flooring,"modular carpet, square tiles",0.4,false,false,false,12
floor-mat-heavy,Heavy Duty Floor Mat,flooring,"entrance mat, doormat",0.3,false,false,false,10
flooring-cork,Cork Flooring,flooring,"cork tiles, cork planks",0.6,false,false,false,18
flooring-rubber,Rubber Flooring,flooring,"gym flooring, rubber mats",0.7,false,false,false,20
flooring-bamboo,Bamboo Flooring,flooring,"bamboo planks, eco flooring",0.8,true,false,false,24
grout-bag,Bag of Grout,flooring,"tile grout, adhesive",0.2,false,false,false,8
underfloor-heating-mat,Underfloor Heating Mat,flooring,"electric heating, floor warm",0.3,false,false,false,22
adhesive-tile,Tile Adhesive,flooring,"tile glue, mortar",0.2,false,false,false,8
threshold-strip,Threshold Strip,flooring,"door bar, transition strip",0.1,false,false,false,5
curtains-set,Curtain Set,soft-furnishing,"window curtains, drapes",0.3,false,false,false,10
blind-vertical,Vertical Blinds,soft-furnishing,"window blinds, office blinds",0.4,false,false,false,12
blind-roller,Roller Blind,soft-furnishing,"window roller, blind",0.2,false,false,false,8
cushions-set,Cushion Set,soft-furnishing,"throw pillows, sofa cushions",0.2,false,false,false,6
throws-set,Throw Set,soft-furnishing,"blanket, afghan, sofa throw",0.2,false,false,false,6
bedding-set,Bedding Set,soft-furnishing,"duvet cover, sheet set",0.2,false,false,false,5
rug-runner,Runner Rug,soft-furnishing,"hallway runner, carpet runner",0.3,false,false,false,10
bean-bag-small,Small Bean Bag,soft-furnishing,"children's beanbag",0.3,false,false,false,8
blanket-electric,Electric Blanket,soft-furnishing,"heated throw, warming blanket",0.2,false,false,false,12
blanket-weighted,Weighted Blanket,soft-furnishing,"anxiety blanket, heavy blanket",0.4,false,false,false,15
curtain-blackout,Blackout Curtains,soft-furnishing,"lined curtains, darkening",0.3,false,false,false,12
curtain-eyelet,Eyelet Curtains,soft-furnishing,"tab top curtains, metal grommets",0.3,false,false,false,12
curtain-sheer,Sheer Curtains,soft-furnishing,"voile curtains, net curtains",0.2,false,false,false,8
cushion-floor,Floor Cushion,soft-furnishing,"large pillow, pouf cushion",0.3,false,false,false,10
mat-dressing,Dressing Table Mat,soft-furnishing,"vanity mat, tray",0.1,false,false,false,5
mat-place,Place Mat,soft-furnishing,"table mat, setting",0.1,false,false,false,4
pillow-bed,Bed Pillow,soft-furnishing,"sleep pillow, head pillow",0.2,false,false,false,6
pillow-body,Body Pillow,soft-furnishing,"long pillow, pregnancy pillow",0.3,false,false,false,10
pillow-decorative,Decorative Pillow,soft-furnishing,"throw pillow, accent cushion",0.1,false,false,false,5
runner-table,Table Runner,soft-furnishing,"table cloth strip, decorative",0.1,false,false,false,4
tablecloth,Tablecloth,soft-furnishing,"dining table cover, cloth",0.2,false,false,false,8
tapestry-wall,Wall Tapestry,soft-furnishing,"fabric wall hanging, decor",0.2,false,false,false,8
towel-bath,Bath Towel,soft-furnishing,"large towel, bath sheet",0.1,false,false,false,4
towel-beach,Beach Towel,soft-furnishing,"sun towel, large towel",0.2,false,false,false,6
towel-hand,Hand Towel,soft-furnishing,"small towel, guest towel",0.1,false,false,false,3
towel-tea,Tea Towel,soft-furnishing,"kitchen towel, dish cloth",0.1,false,false,false,2
valance-bed,Bed Valance,soft-furnishing,"dust ruffle, bed skirt",0.2,false,false,false,6
kitchenware-box,Kitchen Items Box,kitchen,"pots pans, utensils, kitchenware",0.4,true,false,false,12
crockery-box-kitchen,Crockery Box (Kitchen),kitchen,"plates, cups, dishes, china",0.4,true,true,false,15
glassware-box-kitchen,Glassware Box (Kitchen),kitchen,"glasses, wine glasses, crystal",0.3,true,true,false,12
kitchen-appliance-small,Small Kitchen Appliance,kitchen,"kettle, toaster, blender",0.2,false,false,false,8
mixer-stand,Stand Mixer (e.g., KitchenAid),kitchen,"food mixer, kitchen aid",0.4,false,false,false,15
food-processor-kitchen,Food Processor (Kitchen),kitchen,"magimix, kenwood",0.3,false,false,false,12
juicer,Juicer,kitchen,"juice extractor",0.3,false,false,false,10
pressure-cooker,Pressure Cooker,kitchen,"instant pot, slow cooker",0.3,false,false,false,10
wok-large,Large Wok,kitchen,"stir fry pan",0.2,false,false,false,8
set-knives,Knife Block Set,kitchen,"cutlery block, sharp knives",0.3,false,false,false,12
cutlery-caddy,Cutlery Caddy,kitchen,"utensil holder, knife organiser",0.1,false,false,false,5
spice-rack,Spice Rack,kitchen,"spice organiser",0.1,false,false,false,5
plate-rack,Plate Rack (drying),kitchen,"dish rack, drainer",0.2,false,false,false,6
bin-kitchen,Kitchen Bin,kitchen,"pedal bin, waste bin",0.2,false,false,false,6
step-stool,Kitchen Step Stool,kitchen,"step ladder, safety stool",0.3,false,false,false,8
bin-compost-kitchen,Kitchen Compost Bin,kitchen,"compost caddy, food waste",0.1,false,false,false,5
bread-bin,Bread Bin,kitchen,"bread box, storage tin",0.1,false,false,false,6
canister-set,Canister Set,kitchen,"storage jars, flour sugar tea",0.1,false,false,false,6
chopping-board,Chopping Board,kitchen,"cutting board, butcher block",0.1,false,false,false,5
colander,Colander,kitchen,"strainer, pasta drainer",0.1,false,false,false,4
cookbook-stand,Cookbook Stand,kitchen,"recipe holder, book stand",0.1,false,false,false,4
crock-pot,Crock Pot,kitchen,"slow cooker, stew pot",0.3,false,false,false,10
cutlery-set,Cutlery Set,kitchen,"knife fork spoon, flatware",0.1,false,false,false,6
dish-drainer,Dish Drainer,kitchen,"drying rack, dish rack",0.2,false,false,false,6
filter-water,Water Filter Jug,kitchen,"filter jug, brita filter",0.1,false,false,false,5
grater,Grater,kitchen,"cheese grater, vegetable grater",0.1,false,false,false,4
ice-cream-maker,Ice Cream Maker,kitchen,"gelato maker, ice cream machine",0.4,false,false,false,18
kitchen-scale,Kitchen Scale,kitchen,"food scale, weighing scale",0.1,false,false,false,5
kitchen-timer,Kitchen Timer,kitchen,"oven timer, egg timer",0.1,false,false,false,3
knife-sharpener,Knife Sharpener,kitchen,"sharpening steel, knife hone",0.1,false,false,false,4
measuring-cup,Measuring Cup Set,kitchen,"measuring jug, cups spoons",0.1,false,false,false,4
mixing-bowl-set,Mixing Bowl Set,kitchen,"bowls set, kitchen bowls",0.2,false,false,false,6
mortar-pestle,Mortar and Pestle,kitchen,"herb grinder, spice crusher",0.1,false,false,false,5
pan-steamer,Steamer Pan,kitchen,"steaming basket, vegetable steamer",0.2,false,false,false,6
pan-stockpot,Stock Pot,kitchen,"large pot, soup pot",0.3,false,false,false,10
rack-drying-dish,Dish Drying Rack,kitchen,"drainer rack, drying mat",0.2,false,false,false,6
rack-pot-lid,Pot Lid Rack,kitchen,"lid holder, storage rack",0.1,false,false,false,4
rack-spice-wall,Wall Spice Rack,kitchen,"spice shelf, mounted rack",0.1,false,false,false,5
rack-utensil-wall,Wall Utensil Rack,kitchen,"tool holder, kitchen tools",0.1,false,false,false,5
sieve,Sieve,kitchen,"strainer, flour sifter",0.1,false,false,false,4
sink-grid,Sink Grid,kitchen,"sink protector, bottom grid",0.1,false,false,false,4
splashback-kitchen,Kitchen Splashback,kitchen,"wall protector, backsplash",0.3,false,false,false,12
thermos-large,Large Thermos,kitchen,"flask, vacuum flask",0.1,false,false,false,5
toaster-4slice,4-Slice Toaster,kitchen,"large toaster, family toaster",0.2,false,false,false,10
trivet,Trivet,kitchen,"hot pad, pot stand",0.1,false,false,false,3
wok-stand,Wok Stand,kitchen,"wok holder, ring stand",0.1,false,false,false,3
bathroom-cabinet,Bathroom Cabinet,bathroom,"medicine cabinet, bathroom storage",0.6,false,false,false,18
toilet,Toilet,bathroom,"wc, lavatory, bathroom toilet",0.8,true,true,true,35
basin,Wash Basin,bathroom,"bathroom sink, hand basin",0.6,true,true,false,20
bath,Bathtub,bathroom,"bath tub, bathroom bath",2.0,true,true,true,75
shower-tray,Shower Tray,bathroom,"shower base, shower floor",0.8,true,true,false,25
towel-rail,Towel Rail,bathroom,"heated towel rail, bathroom radiator",0.4,false,false,false,15
shower-unit,Shower Unit (enclosed),bathroom,"shower cubicle, enclosure",1.6,true,false,true,50
bath-panel,Bath Panel,bathroom,"bath side panel",0.6,false,false,false,15
bathroom-mirror,Bathroom Mirror,bathroom,"shaving mirror",0.3,false,true,false,12
toilet-roll-holder,Toilet Roll Holder,bathroom,"bathroom accessory",0.1,false,false,false,4
soap-dispenser,Soap Dispenser (wall),bathroom,"bathroom accessory",0.1,false,false,false,4
bathroom-scale,Bathroom Scales,bathroom,"weighing scales",0.1,false,true,false,4
shower-curtain-rail,Shower Curtain Rail,bathroom,"curtain rod",0.3,false,false,false,8
accessory-bathroom-set,Bathroom Accessory Set,bathroom,"tumbler holder, soap dish",0.1,false,false,false,6
cabinet-bathroom-wall,Wall Bathroom Cabinet,bathroom,"mirror cabinet, storage",0.5,false,false,false,16
caddy-shower,Shower Caddy,bathroom,"shower organizer, basket",0.1,false,false,false,5
chair-bathroom,Bathroom Chair,bathroom,"shower chair, stool",0.3,false,false,false,10
hamper-bathroom,Bathroom Hamper,bathroom,"laundry basket, clothes bin",0.3,false,false,false,8
mat-bathroom,Bathroom Mat,bathroom,"bath mat, rug",0.1,false,false,false,4
mirror-bathroom-cabinet,Bathroom Cabinet Mirror,bathroom,"medicine cabinet mirror",0.4,false,true,false,14
organiser-bathroom,Bathroom Organiser,bathroom,"shelf unit, storage tower",0.4,false,false,false,12
rack-towel-free-standing,Free Standing Towel Rail,bathroom,"towel stand, floor rack",0.3,false,false,false,10
scale-bathroom-digital,Digital Bathroom Scale,bathroom,"digital scales, weight",0.1,false,true,false,6
seat-bathroom-toilet,Toilet Seat,bathroom,"wc seat, lavatory seat",0.1,false,false,false,5
shower-curtain,Shower Curtain,bathroom,"plastic curtain, liner",0.1,false,false,false,4
shower-head,Shower Head,bathroom,"handheld shower, rain head",0.1,false,false,false,6
shower-screen,Shower Screen,bathroom,"glass door, panel",0.6,true,true,false,25
sink-pedestal,Pedestal Sink,bathroom,"pedestal basin, vanity sink",0.7,true,true,false,30
stool-bathroom,Bathroom Stool,bathroom,"small seat, step stool",0.2,false,false,false,6
tissue-holder,Tissue Holder,bathroom,"toilet tissue cover, box",0.1,false,false,false,4
tray-bathroom,Bathroom Tray,bathroom,"soap tray, vanity tray",0.1,false,false,false,4
tumbler-holder,Tumbler Holder,bathroom,"toothbrush holder, cup",0.1,false,false,false,4
vanity-bathroom,Bathroom Vanity Unit,bathroom,"sink cabinet, storage vanity",1.4,true,false,true,60
clothes-rail,Clothes Rail,general,"clothing rack, garment rail",0.4,false,false,false,12
ironing-board,Ironing Board,general,"ironing table",0.3,false,false,false,10
vacuum-cleaner,Vacuum Cleaner,general,"hoover, carpet cleaner",0.4,false,false,false,15
cleaning-supplies,Cleaning Supplies Box,general,"household cleaners, cleaning products",0.3,false,false,false,8
tools-toolbox,Toolbox,general,"tool box, hand tools",0.4,false,false,false,12
ladder,Stepladder,general,"steps, household ladder",0.6,false,false,false,18
fire-extinguisher,Fire Extinguisher,general,"safety equipment",0.2,false,false,false,8
smoke-alarm,Smoke Detector,general,"fire alarm, smoke alarm",0.1,false,true,false,5
sewing-machine,Sewing Machine,general," Singer, embroidery machine",0.5,false,false,false,18
vacuum-cylinder,Cylinder Vacuum,general," Henry vacuum, hetty",0.5,false,false,false,16
iron,Iron,general,"clothes iron",0.1,false,false,false,4
clothes-airer,Clothes Airer,general,"drying rack, clothes horse",0.4,false,false,false,10
bag-laundry,Laundry Bag,general,"washing bag, linen bag",0.2,false,false,false,5
bucket-mop,Bucket and Mop,general,"cleaning bucket",0.3,false,false,false,6
recycling-bin,Recycling Bin,general,"wheelie bin, recycling box",0.4,false,false,false,8
rug-cleaner,Rug Cleaner (machine),general,"carpet cleaner, vax",1.0,true,false,false,30
tool-chest-large,Large Tool Chest,general,"mechanics toolbox, roll cab",1.2,true,false,false,40
workbench,Garage Workbench,general," workshop bench",1.6,true,false,true,50
generator-portable,Portable Generator,general,"petrol generator",1.0,true,false,false,35
sack-truck,Sack Truck,general,"hand truck, dolly",0.5,false,false,false,15
pet-crate-large,Large Pet Crate,general,"dog crate, animal carrier",0.6,false,false,false,16
pet-bed-large,Large Pet Bed,general,"dog bed, cat tree",0.5,false,false,false,12
bird-cage-large,Large Bird Cage,general,"aviary, parrot cage",0.8,true,true,true,25
fish-tank-stand,Fish Tank Stand,general,"aquarium cabinet",0.7,false,false,false,20
christmas-tree-artificial,Artificial Christmas Tree,general,"xmas tree, tree",0.8,true,false,true,22
decorations-box,Christmas Decorations Box,general,"xmas decs, ornaments box",0.3,false,true,false,8
suit-garment-bag,Suit in Garment Bag,general,"wedding suit, dress bag",0.2,false,false,false,6
airer-clothes-cover,Clothes Airer Cover,general,"drying cover, indoor dryer",0.3,false,false,false,10
bin-food-waste,Food Waste Bin,general,"kitchen caddy, compost bin",0.1,false,false,false,5
bin-recycling,Recycling Bin,general,"recycling box, sorting bin",0.3,false,false,false,8
bin-wheelie,Wheelie Bin,general,"wheeled bin, trash bin",0.8,false,false,false,20
broom,Broom,general,"sweeping brush, yard broom",0.2,false,false,false,6
brush-dustpan,Dustpan and Brush,general,"sweeper set, hand brush",0.1,false,false,false,4
caddy-cleaning,Cleaning Caddy,general,"cleaner organizer, bucket",0.2,false,false,false,6
caddy-shower-general,Shower Caddy (General),general,"bath organizer, basket",0.1,false,false,false,5
caddy-utility,Utility Caddy,general,"tool tote, organizer",0.2,false,false,false,6
cart-shopping,Shopping Cart,general,"granny trolley, grocery cart",0.5,false,false,false,15
clock-wall,Wall Clock,general,"analog clock, round clock",0.1,false,true,false,5
caddy-garden-tool,Garden Tool Caddy,general,"tool organizer, holder",0.2,false,false,false,6
dryer-clothes-indoor,Indoor Clothes Dryer,general,"drying rack, airer",0.4,false,false,false,12
duster-extendable,Extendable Duster,general,"long duster, feather duster",0.1,false,false,false,4
fan-floor,Floor Fan,general,"standing fan, oscillating fan",0.3,false,false,false,12
fan-tower,Tower Fan,general,"column fan, bladeless fan",0.3,false,false,false,14
filter-furnace,Furnace Filter,general,"air filter, hvac filter",0.1,false,false,false,4
filter-water-fridge,Fridge Water Filter,general,"refrigerator filter, water filter",0.1,false,false,false,5
fireplace-screen,Fireplace Screen,general,"hearth guard, spark guard",0.4,false,false,false,15
flag-pole,Flag Pole,general,"flagpole, banner pole",0.6,true,false,false,20
hanger-garment,Garment Hanger,general,"clothes hanger, coat hanger",0.1,false,false,false,2
heater-oil-filled,Oil Filled Heater,general,"radiator heater, electric heater",0.5,false,false,false,18
heater-portable,Portable Heater,general,"space heater, electric fire",0.3,false,false,false,14
heater-towel,Towel Heater,general,"heated rail, warmer",0.3,false,false,false,16
hook-coat,Coat Hook,general,"wall hook, coat rack",0.1,false,false,false,3
hook-over-door,Over Door Hook,general,"door hanger, rack",0.1,false,false,false,4
humidifier-tabletop,Tabletop Humidifier,general,"moisturizer, air humidifier",0.2,false,false,false,10
jack-car,Car Jack,general,"vehicle jack, trolley jack",0.4,false,false,false,15
key-holder,Key Holder,general,"key rack, organizer",0.1,false,false,false,4
ladder-extension,Extension Ladder,general,"telescopic ladder, tall ladder",1.2,true,false,false,35
ladder-step-aluminium,Aluminium Step Ladder,general,"metal steps, platform ladder",0.7,false,false,false,22
ladder-step-fibreglass,Fibreglass Step Ladder,general,"fiberglass ladder, insulated",0.8,false,false,false,25
ladder-step-wooden,Wooden Step Ladder,general,"wood steps, traditional ladder",0.8,false,false,false,20
ladder-telescopic,Telescopic Ladder,general,"collapsible ladder, compact",0.6,false,false,false,25
lamp-heat,Heat Lamp,general,"infrared lamp, warming light",0.2,false,false,false,12
mat-welcome,Welcome Mat,general,"doormat, entrance mat",0.1,false,false,false,4
mirror-inspection,Inspection Mirror,general,"mechanic mirror, dental mirror",0.1,false,true,false,3
mirror-pocket,Pocket Mirror,general,"hand mirror, compact mirror",0.1,false,true,false,3
organizer-jewelry,Jewelry Organizer,general,"jewelry box, tree",0.1,false,false,false,6
organizer-shoe,Shoe Organizer,general,"shoe rack, hanging organizer",0.2,false,false,false,8
organizer-under-sink,Under Sink Organizer,general,"cabinet organizer, pull out",0.2,false,false,false,10
paddle-ceiling-fan,Ceiling Fan Paddle,general,"fan blade, replacement",0.1,false,false,false,4
pan-dust,Dust Pan,general,"sweeping pan, hand dustpan",0.1,false,false,false,3
rack-drying,Drying Rack,general,"clothes dryer, airer",0.4,false,false,false,12
rack-magazine-general,Magazine Rack (General),general,"newspaper holder, display",0.2,false,false,false,6
rack-pot,Pot Rack,general,"hanging rack, ceiling rack",0.4,false,false,false,15
rack-shoe,Shoe Rack,general,"shoe shelf, organizer",0.3,false,false,false,10
rack-spice,Spice Rack,general,"spice shelf, organizer",0.1,false,false,false,5
rack-tie,Tie Rack,general,"necktie organizer, hanger",0.1,false,false,false,4
rack-umbrella,Umbrella Rack,general,"umbrella stand, holder",0.2,false,false,false,8
scale-kitchen,Kitchen Scale,general,"food scale, digital scale",0.1,false,false,false,5
scale-postal,Postal Scale,general,"shipping scale, parcel scale",0.1,false,false,false,8
scoop-litter,Litter Scoop,general,"cat litter scoop, shovel",0.1,false,false,false,3
screen-room-divider,Room Divider Screen,general,"partition screen, folding screen",0.8,true,false,false,30
shield-splash,Splash Shield,general,"splash guard, protector",0.1,false,false,false,4
sign-security,Security Sign,general,"warning sign, alarm sign",0.1,false,false,false,4
sink-utility,Utility Sink,general,"laundry sink, slop sink",0.8,true,false,false,35
stool-metal-step,Metal Step Stool,general,"kitchen step, platform",0.3,false,false,false,10
stool-wood-step,Wood Step Stool,general,"step up stool, kitchen helper",0.3,false,false,false,10
storage-bag-vacuum,Vacuum Storage Bag,general,"space bag, compression bag",0.1,false,false,false,4
storage-bin-plastic,Plastic Storage Bin,general,"container, tote box",0.3,false,false,false,8
storage-container-deck,Deck Storage Container,general,"patio box, outdoor chest",0.9,false,false,false,25
storage-organizer-closet,Closet Organizer,general,"shelf system, wardrobe organizer",0.6,false,false,false,20
storage-rack-shelving,Shelving Rack,general,"storage shelves, metal rack",1.0,true,false,false,35
strap-tie-down,Tie Down Strap,general,"ratchet strap, cargo strap",0.1,false,false,false,4
tarp-large,Large Tarp,general,"tarpaulin, cover sheet",0.3,false,false,false,10
thermometer-outdoor,Outdoor Thermometer,general,"temperature gauge, weather",0.1,false,false,false,4
timer-mechanical,Mechanical Timer,general,"outlet timer, light timer",0.1,false,false,false,4
timer-outdoor,Outdoor Timer,general,"sprinkler timer, garden timer",0.1,false,false,false,5
tool-garden-tote,Garden Tool Tote,general,"gardening bag, tool carrier",0.2,false,false,false,8
tool-organizer-pegboard,Pegboard Tool Organizer,general,"tool board, organizer",0.3,false,false,false,12
tool-set-basic,Basic Tool Set,general,"home tool kit, DIY tools",0.4,false,false,false,15
tote-storage-plastic,Plastic Storage Tote,general,"storage box, container",0.3,false,false,false,8
trap-insect,Insect Trap,general,"fly trap, moth catcher",0.1,false,false,false,4
tray-drip,Drip Tray,general,"plant saucer, water catcher",0.1,false,false,false,3
tray-utility,Utility Tray,general,"serving tray, organizer tray",0.1,false,false,false,5
vacuum-wet-dry,Wet Dry Vacuum,general,"shop vac, utility vacuum",1.0,true,false,false,40
valve-water-shut-off,Water Shut Off Valve,general,"stop valve, emergency valve",0.1,false,false,false,5
vase-large,Large Vase,general,"floor vase, decoration",0.4,false,true,false,15
vent-dryer,Dryer Vent,general,"dryer duct, exhaust vent",0.1,false,false,false,4
wardrobe-portable,Portable Wardrobe,general,"garment rack, temporary closet",0.7,false,false,false,22
washer-dryer-pedestal,Washer Dryer Pedestal,general,"appliance riser, storage drawer",0.4,false,false,false,18
waterer-plant,Plant Waterer,general,"watering globe, self-watering",0.1,false,false,false,4
wheel-caster,Caster Wheel,general,"furniture wheel, swivel wheel",0.1,false,false,false,2
wind-chime,Wind Chime,general,"garden chime, outdoor decor",0.1,false,true,false,6
wreath-door,Door Wreath,general,"christmas wreath, decoration",0.1,false,false,false,5
